#sommet;position;couleur;etiquette
0;657.546325684 259.75378418;210 150 255 242;Medford, Don
1;660.420776367 306.320617676;210 150 255 242;Hill, Jack (I)
2;662.337280273 259.75378418;210 150 255 242;Cunha, Richard E.
3;667.128295898 302.439971924;210 150 255 242;Pierce, Jack P.
4;655.629821777 267.514892578;210 150 255 242;Sangster, Jimmy
5;653.713806152 298.55947876;210 150 255 242;Francis, Freddie
6;670.96081543 275.276031494;210 150 255 242;Blake, Michael F.
7;660.420776367 293.385437012;210 150 255 242;Lugosi Jr., Bela
8;669.044189453 262.3409729;210 150 255 242;Skal, David J.
9;660.420776367 281.743835449;210 150 255 242;Karloff, Sara
10;651.797180176 286.917755127;210 150 255 242;Carlson, Veronica
11;668.085632324 292.091674805;210 150 255 242;Glut, Donald F.
12;653.713806152 276.56942749;210 150 255 242;Court, Hazel
13;663.295471191 270.102081299;210 150 255 242;Hefner, Hugh M.
14;692.040039062 284.330535889;208 255 150 148;Ray, Fred Olen
15;599.099243164 284.330535889;230 255 150 141;Branagh, Kenneth
16;667.128295898 284.330535889;210 150 255 242;Bellamy, Ralph
17;691.081848145 279.156616211;208 255 150 148;Lee, Christopher
18;744.738220215 279.156616211;174 150 255 231;Stein, Harlene
19;732.282043457 303.733398438;174 150 255 231;Bernard, James
20;743.780029297 292.091674805;174 150 255 231;Atkins, Peter
21;734.198059082 293.385437012;174 150 255 231;Hessler, Gordon
22;739.94720459 302.439971924;174 150 255 231;Parker, Alan
23;736.114685059 277.863220215;174 150 255 231;Rains, Jessica
24;731.323730469 270.102081299;174 150 255 231;Carpenter, John
25;741.86340332 268.808319092;174 150 255 231;Corman, Roger
26;737.072875977 259.75378418;174 150 255 231;Quigley, Linnea
27;302.072479248 219.654800415;151 150 255 225;Paquin, Anna
28;298.239868164 196.370834351;151 150 255 225;Winfrey, Oprah
29;302.072479248 208.013061523;151 150 255 225;Seagal, Steven
30;298.239868164 192.491165161;151 150 255 225;Letterman, David
31;293.448913574 209.306350708;151 150 255 225;Allen, Tim
32;306.863342285 195.078033447;151 150 255 225;Thurman, Uma
33;299.198059082 219.654800415;151 150 255 225;MacDowell, Andie
34;242.667327881 257.166595459;255 216 150 124;Barkin, Ellen
35;360.519622803 250.699249268;255 203 150 120;Pacino, Al
36;305.905090332 201.545700073;151 150 255 225;Hunter, Holly
37;296.324127197 202.839126587;151 150 255 225;Robbins, Tim
38;309.737731934 205.425842285;151 150 255 225;Grant, Hugh
39;294.407226562 214.480392456;151 150 255 225;Parker, Sarah Jessica
40;304.946777344 214.480392456;151 150 255 225;Jones, Tommy Lee
41;332.733520508 180.849075317;255 239 150 130;Schwarzenegger, Arnold
42;292.490661621 202.839126587;151 150 255 225;Hanks, Tom
43;309.737731934 213.186965942;151 150 255 225;Curtis, Jamie Lee
44;251.29045105 164.03390502etiquette9;255 217 150 124;Irons, Jeremy
45;294.407226562 197.665222168;151 150 255 225;Spielberg, Steven
46;306.863342285 208.013061523;151 150 255 225;Travolta, John
47;300.156433105 117.467086792;255 223 150 126;Nicholson, Jack
48;300.156433105 213.186965942;151 150 255 225;Martin, Steve
49;301.114135742 201.545700073;151 150 255 225;Stallone, Sylvester
50;302.072479248 195.078033447;151 150 255 225;Newman, Paul
51;289.616241455 283.037139893;254 255 150 135;Stone, Sharon
52;306.863342285 217.067581177;151 150 255 225;Sarandon, Susan
53;297.281524658 208.013061523;151 150 255 225;Hopkins, Anthony
54;360.519622803 186.022994995;255 150 150 105;Jackson, Samuel L.
55;266.62097168 395.573120117;176 150 255 232;Ryder, Winona
56;272.369689941 396.866912842;176 150 255 232;Rickles, Don
57;265.662750244 380.05090332;176 150 255 232;Pesci, Joe
58;260.871765137 392.986419678;176 150 255 232;Thornton, Billy Bob
59;271.411804199 386.518096924;176 150 255 232;Foster, Jodie
60;277.160614014 392.986419678;176 150 255 232;Pollak, Kevin
61;267.579650879 483.532745361;241 255 150 138;Scorsese, Martin
62;257.997833252 381.344207764;176 150 255 232;Eastwood, Clint
63;263.746154785 387.8125;176 150 255 232;Peck, Gregory
64;280.034912109 389.105804443;176 150 255 232;Kristofferson, Kris
65;255.123565674 387.8125;176 150 255 232;Sorvino, Paul
66;275.244445801 380.05090332;176 150 255 232;Woods, James
67;484.121154785 405.920959473;210 150 255 242;Bertolucci, Giuseppe
68;505.200408936 389.1058044etiquette43;210 150 255 242;Storaro, Vittorio
69;489.870361328 409.801574707;210 150 255 242;Bertolucci, Bernardo
70;443.878814697 336.071289062;219 255 150 145;Hayden, Sterling
71;497.535583496 404.627685547;210 150 255 242;Sanda, Dominique
72;486.995574951 394.279693604;210 150 255 242;Betti, Laura
73;504.242156982 373.583557129;210 150 255 242;Lancaster, Burt
74;511.907470703 381.344207764;210 150 255 242;Valli, Alida
75;495.618591309 391.692138672;210 150 255 242;Sandrelli, Stefania
76;497.535583496 378.757476807;210 150 255 242;Sutherland, Donald
77;504.242156982 400.747039795;210 150 255 242;Depardieu, Gerard
78;372.975860596 149.804977417;210 150 255 242;Zhang, Ziyi
79;372.017547607 132.988922119;210 150 255 242;Alba, Jessica
80;364.352294922 145.924438477;210 150 255 242;Diesel, Vin
81;367.226715088 160.152877808;210 150 255 242;Chan, Jackie
82;380.640655518 151.098403931;210 150 255 242;Garner, Jennifer
83;368.184906006 139.457138062;210 150 255 242;Mr. T
84;372.975860596 157.565689087;210 150 255 242;Yeoh, Michelle
85;386.389862061 126.521636963;210 150 255 242;Jolie, Angelina
86;382.557678223 131.695541382;210 150 255 242;Gandolfini, James
87;365.310638428 153.685119629;210 150 255 242;Liu, Lucy
88;381.598876953 143.336791992;210 150 255 242;Smith, Will
89;373.934112549 125.228218079;210 150 255 242;Crowe, Russell
90;377.766723633 135.57611084;210 150 255 242;Cruise, Tom
91;380.640655518 162.739593506;210 150 255 242;Franz, Dennis
92;388.305938721 148.511199951;210 150 255 242;Gellar, Sarah Michelle
93;386.389862061 157.565689087;210 150 255 242;Pitt, Brad
94;389.264129639 139.457138062;210 150 255 242;Snipes, Wesley
95;378.725067139 125.228218079;210 150 255 242;Washington, Denzel
96;364.352294922 135.57611084;210 150 255 242;Reeves, Keanu
97;366.268829346 127.814979553;210 150 255 242;Rhames, Ving
98;374.891479492 165.326797485;210 150 255 242;Willis, Bruce
99;413.21774292 201.545700073;255 222 150 125;Ford, Harrison
100;388.305938721 132.988922119;210 150 255 242;Johnson, Dwayne
101;342.314849854 565.024353027;222 150 255 245;Barry, George
102;330.816955566 545.621459961;222 150 255 245;Earl, Wiley
103;326.026000977 572.784851074;222 150 255 245;Giza, Richard
104;339.440429688 579.252685547;222 150 255 245;Goodness, Donald R.
105;325.068603516 563.730834961;222 150 255 245;Klinetob, J.S.
106;315.486907959 572.784851074;222 150 255 245;McGlynn, L.P.
107;316.445129395 562.436645508;222 150 255 245;Reese, John H.
108;318.361206055 553.382019043;222 150 255 245;Smith, Barry R.
109;338.48223877 553.382019043;222 150 255 245;Abagnale, Sonny
110;326.026000977 587.013305664;222 150 255 245;Anglin, Florence
111;332.733520508 576.665344238;222 150 255 245;Kline, Gerald M.
112;331.77520752 554.676208496;222 150 255 245;Colton, Chevi
113;319.319580078 581.839538574;222 150 255 245;Sfinias, Yanni
114;325.068603516 545.621459961;222 150 255 245;Tremont, Mike
115;338.48223877 546.914733887;222 150 255 245;Ottavino, John (I)
116;333.691253662 584.426940918;222 150 255 245;Caserta, Clem
117;339.440429688 572.784851074;222 150 255 245;Ryan, James (IV)
118;324.109924316 554.676208496;222 150 255 245;Bradford, Jesse
119;337.524353027 562.436645508;222 150 255 245;Martin, George (II)
120;326.026000977 580.546020508;222 150 255 245;Conroy, Frances
121;345.18963623 574.078613281;222 150 255 245;Kaczmarek, Jane
122;320.277770996 571.491516113;222 150 255 245;Wiest, Dianne
123;347.105682373 561.143615723;222 150 255 245;Herman, Paul (I)
124;343.273071289 554.676208496;222 150 255 245;Clennon, David
125;319.319580078 480.945129395;255 228 150 127;Streep, Meryl
126;295.36541748 561.143615723;255 254 150 134;Argo, Victor
127;295.36541748 565.024353027;255 254 150 134;Keitel, Harvey
128;331.77520752 567.610961914;222 150 255 245;Welsh, Kenneth
129;426.632202148 257.166595459;150 255 182 174;Puzo, Mario
130;478.37197876 271.39553833;255 243 150 131;Coppola, Francis Ford
131;422.799591064 295.972290039;150 197 255 211;Garcia, Andy
132;425.673858643 303.733398438;150 197 255 211;Shire, Talia
133;420.883026123 290.798248291;150 197 255 211;Caan, James
134;429.506622314 273.982208252;194 255 150 152;Duvall, Robert
135;408.4269104 286.917755127;156 150 255 226;Hill, Marianna
136;414.175994873 316.668426514;156 150 255 226;Martino, Al
137;404.59463501 294.678863525;156 150 255 226;Cazale, John
138;402.678588867 308.907318115;156 150 255 226;King, Morgana
139;418.008605957 314.081695557;156 150 255 226;Strasberg, Lee
140;400.761993408 294.678863525;156 150 255 226;Castellano, Richard S.
141;405.553009033 316.668426514;156 150 255 226;Lettieri, Al
142;428.548309326 279.156616211;189 255 150 153;Coppola, Sofia
143;406.511199951 303.733398438;156 150 255 226;Rosqui, Tom
144;409.385162354 295.972290039;156 150 255 226;Russo, Gianni (I)
145;400.761993408 303.733398438;156 150 255 226;Gazzo, Michael V.
146;431.423065186 277.863220215;189 255 150 153;Brando, Marlon
147;413.21774292 310.201080322;156 150 255 226;Marley, John
148;364.352294922 345.125823975;255 220 150 125;Keaton, Diane
149;431.423065186 281.743835449;189 255 150 153;Spradlin, G.D.
150;408.4269104 308.907318115;156 150 255 226;Conte, Richard
151;410.343353271 316.668426514;156 150 255 226;Vigoda, Abe
152;417.050384521 237.76373291;255 222 150 125;Fonda, Bridget
153;413.21774292 302.439971924;156 150 255 226;Bright, Richard
154;413.21774292 290.798248291;156 150 255 226;Donahue, Troy
155;418.008605957 302.439971924;156 150 255 226;Moschin, Gastone
156;404.59463501 288.211029053;156 150 255 226;Hamilton, George
157;419.925170898 308.907318115;156 150 255 226;Mantegna, Joe
158;461.12588501 295.972290039;156 255 150 163;Wallach, Eli
159;56.786491394 317.962219238;244 150 255 252;Chiang, Tisa
160;60.6191215515 332.190673828;244 150 255 252;Cowley, Jack
161;62.5347175598 339.951782227;244 150 255 252;Dobish, M.
162;62.5347175598 294.678863525;244 150 255 252;Edlin, Sara-Jo
163;67.3255615234 298.55947876;244 150 255 252;Feit, Mona
164;74.0326080322 319.255615234;244 150 255 252;Landis, Richard
165;57.7437515259 294.678863525;244 150 255 252;Lescault, Ted
166;50.0789718628 319.255615234;244 150 255 252;Morgulis, Melvin
167;55.8281555176 337.36505127;244 150 255 252;Oliver, Ashley (I)
168;54.8699378967 310.201080322;244 150 255 252;Patton, Carol
169;72.1165237427 328.310150146;244 150 255 252;Peltz, Cynthia
170;64.4512710571 323.136230469;244 150 255 252;Salmons, Jane Lee
171;64.4512710571 306.320617676;244 150 255 252;Tuttle, Ray
172;49.1212348938 328.310150146;244 150 255 252;Warden, Jonathan
173;54.8699378967 328.310150146;244 150 255 252;McCormick, Megan (I)
174;69.2421188354 334.777862549;244 150 255 252;Kugel, Bettina
175;68.2839050293 315.375030518;244 150 255 252;Kelly, Roz
176;49.1212348938 301.146209717;244 150 255 252;Hamilton, Richard (I)
177;74.0326080322 306.320617676;244 150 255 252;Maloney, Peter (I)
178;46.2463417053 310.201080322;244 150 255 252;Alda, Rutanya
179;130.563705444 311.494506836;255 238 150 130;Graham, Gerrit
180;56.786491394 301.146209717;244 150 255 252;Garfield, Allen
181;465.915863037 244.231567383;150 171 255 218;Coppola, Eleanor
182;462.083740234 246.818756104;150 171 255 218;Coppola, Gia
183;471.665039062 242.938140869;150 171 255 218;Coppola, Roman
184;460.167694092 235.177017212;150 171 255 218;Milius, John
185;470.706726074 253.285949707;150 171 255 218;Lucas, George
186;465.915863037 266.221496582;150 171 255 218;Bottoms, Sam
187;464.000274658 255.873168945;150 171 255 218;Hall, Albert (I)
188;456.335021973 258.460357666;150 171 255 218;Fishburne, Laurence
189;453.460174561 249.405944824;150 171 255 218;Camp, Colleen
190;469.748504639 261.047119141;150 171 255 218;Forrest, Frederic
191;460.167694092 266.221496582;150 171 255 218;Welles, Orson
192;466.87411499 235.177017212;150 171 255 218;Hopper, Dennis
193;456.335021973 240.350921631;150 171 255 218;Sheen, Martin
194;536.819213867 283.037139893;150 255 231 188;Baker, Rick
195;538.735839844 294.678863525;150 255 231 188;Brooks, Mel
196;533.944885254 302.439971924;150 255 231 188;Dreyfuss, Richard
197;534.903320312 276.56942749;150 255 231 188;Seymour, Jane
198;532.986633301 289.504943848;150 255 231 188;Moore, Roger
199;414.175994873 160.152877808;239 150 255 250;Tucker, Chris
200;422.799591064 157.565689087;239 150 255 250;Graham, Aimee
201;431.423065186 152.39175415;239 150 255 250;Briere, Candice
202;432.381378174 180.849075317;239 150 255 250;Deedrick, Jeffrey
203;414.175994873 153.685119629;239 150 255 250;Ervin, Julia
204;432.381378174 160.152877808;239 150 255 250;Kelly, Renee (II)
205;439.08795166 178.262359619;239 150 255 250;Long, Juliet
206;422.799591064 169.207824707;239 150 255 250;Mann, Gary
207;426.632202148 157.565689087;239 150 255 250;McInerney, Elizabeth
208;415.134338379 189.903625488;239 150 255 250;Nesvold, Roy
209;426.632202148 176.968460083;239 150 255 250;Wilmsen, Herbert Hans
210;438.129608154 170.501266479;239 150 255 250;Mayne, Colleen
211;420.883026123 182.14239502;239 150 255 250;Uribe, Diana
212;427.590423584 193.784591675;239 150 255 250;Lovelace, Laura
213;427.590423584 166.620147705;239 150 255 250;Berube, Michelle
214;436.214019775 175.675170898;239 150 255 250;Waters, Gillian Iliana
215;417.050384521 167.91355896;239 150 255 250;Valentino, Venessia
216;437.171386719 154.978942871;239 150 255 250;Lydon, Christine
217;428.548309326 149.804977417;239 150 255 250;Ambrose, Tangie
218;412.259552002 182.14239502;239 150 255 250;Keymah, T'Keyah 'Crystal'
219;426.632202148 186.022994995;239 150 255 250;Hamilton, Lisa Gay
220;438.129608154 162.739593506;239 150 255 250;Winston, Hattie
221;411.302154541 165.326797485;239 150 255 250;Williams, Ellis
222;421.841247559 189.903625488;239 150 255 250;Tarantino, Quentin
223;437.171386719 184.729598999;239 150 255 250;Haig, Sid
224;416.092559814 176.968460083;239 150 255 250;Keaton, Michael
225;422.799591064 148.511199951;239 150 255 250;Crosby, Denise
226;409.385162354 175.675170898;239 150 255 250;Bowen, Michael (I)
227;434.297485352 167.91355896;239 150 255 250;Grier, Pam
228;418.966949463 151.098403931;239 150 255 250;Lister Jr., Tom 'Tiny'
229;432.381378174 189.903625488;239 150 255 250;Forster, Robert
230;308.779876709 29.5074443817;255 150 255 255;Curtis, Leslie (II)
231;305.905090332 42.4425392151;255 150 255 255;Miller, Carrie (I)
232;294.407226562 39.8562355042;255 150 255 255;Singer, Patricia
233;302.072479248 21.7467498779;255 150 255 255;Boulting, Ingrid
234;311.654296875 38.561920166;255 150 255 255;Masters, Sharon
235;310.695983887 12.6917934418;255 150 255 255;Shalet, Diane
236;291.53326416 6.22451591492;255 150 255 255;Feury, Peggy
237;295.36541748 13.9851522446;255 150 255 255;Burns, Brendan
238;280.993286133 23.0401668549;255 150 255 255;Guest, Pamela
239;287.700683594 38.561920166;255 150 255 255;Andrews, Tige
240;280.993286133 28.2140846252;255 150 255 255;Hairston, Jester
241;301.114135742 11.3984327316;255 150 255 255;Jones-Moreland, Betsy
242;306.863342285 6.22451591492;255 150 255 255;Wynant, H.M.
243;303.030700684 32.0946426392;255 150 255 255;Kino, Lloyd
244;315.486907959 19.1591300964;255 150 255 255;Farley, Morgan
245;289.616241455 15.2785720825;255 150 255 255;Christmas, Eric
246;317.402526855 25.6273651123;255 150 255 255;Morrow, Byron
247;294.407226562 32.0946426392;255 150 255 255;Russell, Theresa
248;282.909667969 15.2785720825;255 150 255 255;Strauss, Peter
249;314.528564453 11.3984327316;255 150 255 255;Bartlett, Bonnie
250;297.281524658 3.63731741905;255 150 255 255;Andrews, Dana
251;312.612518311 25.6273651123;255 150 255 255;Huston, Anjelica
252;315.486907959 30.8012828827;255 150 255 255;Brodie, Don
253;306.863342285 19.1591300964;255 150 255 255;Milland, Ray
254;288.65802002 29.5074443817;255 150 255 255;Corey, Jeff
255;287.700683594 23.0401668549;255 150 255 255;Mitchum, Robert
256;286.74230957 7.51787519455;255 150 255 255;Curtis, Tony
257;299.198059082 43.7358932495;255 150 255 255;Moreau, Jeanne
258;283.868041992 34.6823196411;255 150 255 255;Cassel, Seymour
259;302.072479248 6.22451591492;255 150 255 255;Pleasence, Donald
260;295.36541748 21.7467498779;255 150 255 255;Carradine, John
261;316.445129395 395.573120117;197 150 255 238;Parrish, Sally
262;312.612518311 414.975982666;197 150 255 238;Scardino, Hal
263;311.654296875 400.747039795;197 150 255 238;Leigh, Andrea
264;321.235992432 399.453765869;197 150 255 238;Rothman, L.A.
265;311.654296875 411.095855713;197 150 255 238;MacKay, Lizbeth
266;311.654296875 385.224822998;197 150 255 238;Ripa, Kelly
267;300.156433105 404.627685547;197 150 255 238;Callahan, John (I)
268;303.030700684 389.105804443;197 150 255 238;DuMouchel, Steve
269;316.445129395 383.931854248;197 150 255 238;Caruso, Phillip V.
270;299.198059082 396.866912842;197 150 255 238;Schram, Bitty
271;306.863342285 383.931854248;197 150 255 238;Stenborg, Helen
272;318.361206055 408.508605957;197 150 255 238;Merediz, Olga
273;305.905090332 405.920959473;197 150 255 238;Verdon, Gwen
274;315.486907959 403.334228516;197 150 255 238;Lisi, Joe
275;242.667327881 350.300231934;255 234 150 129;DiCaprio, Leonardo
276;305.905090332 413.682556152;197 150 255 238;Martindale, Margo
277;319.319580078 391.692138672;197 150 255 238;Nixon, Cynthia
278;301.114135742 411.095855713;197 150 255 238;Cronyn, Hume
279;311.654296875 392.986419678;197 150 255 238;Garber, Victor
280;305.905090332 396.866912842;197 150 255 238;Hedaya, Dan
281;260.871765137 565.024353027;220 150 255 245;Andleman, Julie
282;275.244445801 565.024353027;220 150 255 245;Aquilino, Nicki 'Ack'
283;251.29045105 583.133728027;220 150 255 245;Konstantin, Ken
284;270.453582764 555.969238281;220 150 255 245;Reed, B. Mitchell
285;274.286224365 574.078613281;220 150 255 245;Scaletta, Lenny (I)
286;266.62097168 574.078613281;220 150 255 245;Seragusa, Dino
287;264.704437256 588.307678223;220 150 255 245;Wilder, Robert (I)
288;245.541732788 568.904785156;220 150 255 245;Sinclair, Ken (I)
289;249.37437439 554.676208496;220 150 255 245;Robinson, Amy
290;254.165222168 562.436645508;220 150 255 245;Davis, D'Mitch
291;261.830474854 580.546020508;220 150 255 245;Fain, Peter
292;256.081298828 552.088623047;220 150 255 245;Walden, Lois
293;264.704437256 550.795288086;220 150 255 245;Alba, Jaime
294;259.913574219 555.969238281;220 150 255 245;Bell, Jeannie (I)
295;256.081298828 584.426940918;220 150 255 245;Scorsese, Catherine
296;250.332580566 571.491516113;220 150 255 245;Moston, Murray
297;269.495361328 585.720458984;220 150 255 245;Memmoli, George
298;247.457809448 576.665344238;220 150 255 245;Danova, Cesare
299;268.53704834 563.730834961;220 150 255 245;Romanus, Richard
300;259.913574219 589.601013184;220 150 255 245;Northup, Harry
301;257.039611816 574.078613281;220 150 255 245;Proval, David
302;274.286224365 581.839538574;220 150 255 245;Carradine, Robert
303;247.457809448 559.850280762;220 150 255 245;Carradine, David
304;188.052780151 98.0642471313;236 150 255 249;Borja, Alberto
305;194.759689331 132.988922119;236 150 255 249;Camerano, Rafael
306;204.341506958 121.347648621;236 150 255 249;Chiripua, Silvestre
307;211.048095703 120.053398132;236 150 255 249;Daly, Joe (I)
308;192.84362793 138.162826538;236 150 255 249;Des Grottes, Jacques
309;195.718048096 101.944869995;236 150 255 249;Duflat, Carlos
310;200.508895874 113.58605957;236 150 255 249;Gonzalez, Luis Carlos
311;183.261810303 118.760040283;236 150 255 249;Gray, Rolf
312;208.173675537 129.108352661;236 150 255 249;Ismare, Sigifredo
313;182.303604126 109.705497742;236 150 255 249;Lamas, Enrique
314;198.592346191 125.228218079;236 150 255 249;Lawn, Tony
315;188.052780151 132.988922119;236 150 255 249;Moya, Alejandrino
316;193.801483154 95.4766311646;236 150 255 249;Ontiveros, Asuncion
317;184.220153809 126.521636963;236 150 255 249;Ripoll, Maria Teresa
318;187.094451904 114.879417419;236 150 255 249;Segovia, Antonio (I)
319;200.508895874 138.162826538;236 150 255 249;Venner, Harlan
320;205.299850464 98.0642471313;236 150 255 249;Sisowath, Monirak
321;195.718048096 117.467086792;236 150 255 249;Moya, Bercelio
322;199.550674438 94.1832733154;236 150 255 249;Berrigan, Daniel (I)
323;200.508895874 104.531578064;236 150 255 249;Low, Chuck (I)
324;191.885406494 108.412139893;236 150 255 249;Guerrero, Alvaro
325;208.173675537 112.292701721;236 150 255 249;Melamed, Fred
326;156.433410645 151.098403931;255 230 150 127;McAnally, Ray
327;187.094451904 104.531578064;236 150 255 249;Quinn, Aidan
328;207.215438843 104.531578064;236 150 255 249;Lunghi, Cherie
329;203.3828125 132.988922119;236 150 255 249;Neeson, Liam
330;189.968856812 123.934440613;236 150 255 249;Pickup, Ronald
331;212.00630188 107.118782043;236 150 255 249;Bosco, Philip
332;90.320854187 442.139953613;251 150 255 253;Blackburn, Michael C.
333;90.320854187 435.672607422;251 150 255 253;Reed, B.J.
334;106.610198975 409.801574707;251 150 255 253;Aaron, Bob (I)
335;100.86100769 449.901062012;251 150 255 253;Lyle, Laurel
336;96.0700454712 434.378356934;251 150 255 253;Horruzey, Paul
337;117.149383545 433.084899902;251 150 255 253;Gill, Jack (II)
338;110.442817688 416.269775391;251 150 255 253;Ludwig, Karen
339;91.2791976929 414.975982666;251 150 255 253;Duckworth, Dortha
340;105.651855469 420.149871826;251 150 255 253;Testa, Mary
341;87.4465713501 417.563171387;251 150 255 253;Scollay, Fred J.
342;111.400558472 427.911010742;251 150 255 253;Cortez, Katherine
343;105.651855469 435.672607422;251 150 255 253;Garfield, Julie
344;110.442817688 438.258850098;251 150 255 253;Cross, Harley
345;100.86100769 443.433258057;251 150 255 253;Sanvido, Guy
346;99.9026641846 426.617706299;251 150 255 253;Bergschneider, Conrad
347;146.852554321 364.528564453;255 227 150 127;Kinney, Kathy
348;107.567932129 451.194366455;251 150 255 253;Chaliapin Jr., Feodor
349;92.2374191284 409.801574707;251 150 255 253;Lampert, Zohra
350;118.108085632 436.966033936;251 150 255 253;Plimpton, Martha
351;99.9026641846 416.269775391;251 150 255 253;Sheridan, Jamey
352;115.232833862 444.727142334;251 150 255 253;Jones, Eddie (I)
353;94.153968811 447.313842773;251 150 255 253;Masten, Gordon
354;110.442817688 447.313842773;251 150 255 253;Blackburn, Richard (I)
355;86.4882354736 426.617706299;251 150 255 253;Root, Stephen (I)
356;98.9444580078 408.508605957;251 150 255 253;Devine, Loretta
357;85.5309753418 430.498687744;251 150 255 253;Quigley, Gerry (I)
358;116.191047668 424.030517578;251 150 255 253;Kurtz, Swoosie
359;93.1957473755 424.030517578;251 150 255 253;Fonda, Jane
360;181.34526062 319.255615234;203 150 255 240;Chaston, Ross
361;173.679992676 298.55947876;203 150 255 240;Sneller, Adam
362;187.094451904 302.439971924;203 150 255 240;Woodmansee, Scott
363;184.220153809 327.01675415;203 150 255 240;Liss, Richard (I)
364;190.927078247 314.081695557;203 150 255 240;MacDonald, Travis
365;174.638336182 311.494506836;203 150 255 240;Zameroski, Robert
366;190.927078247 320.549072266;203 150 255 240;Horst, Jason
367;185.177886963 308.907318115;203 150 255 240;Blechman, Jonah
368;186.136230469 323.136230469;203 150 255 240;Tait, Tristan
369;194.759689331 317.962219238;203 150 255 240;Brayton, Morgan
370;185.177886963 289.504943848;203 150 255 240;Ellis, Tracey
371;187.094451904 294.678863525;203 150 255 240;Bacall, Michael
372;179.429199219 323.136230469;203 150 255 240;Murray, Sean (I)
373;180.387527466 306.320617676;203 150 255 240;MacDonald, Shawn
374;174.638336182 305.027191162;203 150 255 240;Ansley, Zachary
375;193.801483154 301.146209717;203 150 255 240;Dushku, Eliza
376;181.34526062 298.55947876;203 150 255 240;Taylor, John R. (I)
377;195.718048096 310.201080322;203 150 255 240;Munns, Robert
378;190.927078247 292.091674805;203 150 255 240;Wilkof, Lee
379;191.885406494 307.613891602;203 150 255 240;Maguire, Tobey
380;189.011001587 327.01675415;203 150 255 240;Milligan, Deanna
381;190.927078247 297.266052246;203 150 255 240;Kopache, Thomas
382;185.177886963 315.375030518;203 150 255 240;Dow, Bill
383;179.429199219 312.788299561;203 150 255 240;Gugino, Carla
384;176.555374146 294.678863525;203 150 255 240;McFee, Dwight
385;180.387527466 290.798248291;203 150 255 240;Cooper, Chris (I)
386;183.261810303 301.146209717;203 150 255 240;Camroux, Ken
387;151.6434021 245.52532959;255 224 150 126;Turner, Frank C. (I)
388;175.59703064 317.962219238;203 150 255 240;Miller, Stephen E.
389;106.610198975 165.326797485;239 150 255 250;Buhay, Ken
390;120.982009888 160.152877808;239 150 255 250;Hoy, Sean (I)
391;116.191047668 198.958511353;239 150 255 250;Jickels, Jessica
392;98.9444580078 171.794555664;239 150 255 250;Demers, Sylvain
393;109.484481812 200.251937866;239 150 255 250;Totino, Frank
394;104.693634033 197.665222168;239 150 255 250;McLeod, David
395;116.191047668 187.317260742;239 150 255 250;Mackenzie, Bill
396;120.982009888 193.784591675;239 150 255 250;Murdoch, Bill
397;125.772857666 171.794555664;239 150 255 250;Gilbert, Troy
398;116.191047668 167.91355896;239 150 255 250;Bean, Gerry
399;105.651855469 183.436294556;239 150 255 250;Dagg, Cory
400;97.0283813477 187.317260742;239 150 255 250;Lawrence, Elizabeth
401;126.731086731 188.610671997;239 150 255 250;Austin, Karen Elizabeth
402;115.232833862 157.565689087;239 150 255 250;Ackroyd, Jack (II)
403;104.693634033 158.86000061;239 150 255 250;Poltaruk, Rick
404;121.940231323 184.729598999;239 150 255 250;Holland, Antony
405;103.735305786 171.794555664;239 150 255 250;Berry, Lloyd
406;109.484481812 174.381744385;239 150 255 250;Megill, Sheelah
407;99.9026641846 192.491165161;239 150 255 250;Reilly, John C.
408;113.317115784 164.033905029;239 150 255 250;Axton, Hoyt
409;125.772857666 178.262359619;239 150 255 250;Moore, Demi
410;114.27545166 180.849075317;239 150 255 250;Newman, Richard (I)
411;105.651855469 191.196914673;239 150 255 250;Sanford, Garwin
412;100.86100769 182.14239502;239 150 255 250;Kirby, Bruno
413;100.86100769 165.326797485;239 150 255 250;Penn, Sean
414;111.400558472 192.491165161;239 150 255 250;Kidnie, James
415;97.0283813477 178.262359619;239 150 255 250;Walker, Matthew (I)
416;119.066291809 174.381744385;239 150 255 250;Russo, James
417;123.856300354 166.620147705;239 150 255 250;Shawn, Wallace
418;111.400558472 154.978942871;239 150 255 250;Brazeau, Jay
#aretes
0 1
0 2
0 3
0 4
0 5
0 6
0 7
0 8
0 9
0 10
0 11
0 12
0 13
0 14
0 15
0 16
0 17
1 2
1 3
1 4
1 5
1 6
1 7
1 8
1 9
1 10
1 11
1 12
1 13
1 14
1 15
1 16
1 17
2 3
2 4
2 5
2 6
2 7
2 8
2 9
2 10
2 11
2 12
2 13
2 14
2 15
2 16
2 17
3 4
3 5
3 6
3 7
3 8
3 9
3 10
3 11
3 12
3 13
3 14
3 15
3 16
3 17
4 5
4 6
4 7
4 8
4 9
4 10
4 11
4 12
4 13
4 14
4 15
4 16
4 17
5 6
5 7
5 8
5 9
5 10
5 11
5 12
5 13
5 14
5 15
5 16
5 17
6 7
6 8
6 9
6 10
6 11
6 12
6 13
6 14
6 15
6 16
6 17
7 8
7 9
7 10
7 11
7 12
7 13
7 14
7 15
7 16
7 17
8 9
8 10
8 11
8 12
8 13
8 14
8 15
8 16
8 17
9 10
9 11
9 12
9 13
9 14
9 15
9 16
9 17
10 11
10 12
10 13
10 14
10 15
10 16
10 17
11 12
11 13
11 14
11 15
11 16
11 17
12 13
12 14
12 15
12 16
12 17
13 14
13 15
13 16
13 17
14 15
14 16
14 17
15 16
15 17
16 17
18 19
18 20
18 21
18 22
18 23
18 24
18 25
18 14
18 26
18 17
19 20
19 21
19 22
19 23
19 24
19 25
19 14
19 26
19 17
20 21
20 22
20 23
20 24
20 25
20 14
20 26
20 17
21 22
21 23
21 24
21 25
21 14
21 26
21 17
22 23
22 24
22 25
22 14
22 26
22 17
23 24
23 25
23 14
23 26
23 17
24 25
24 14
24 26
24 17
25 14
25 26
25 17
14 26
26 17
27 28
27 29
27 30
27 31
27 32
27 33
27 34
27 35
27 36
27 37
27 38
27 39
27 40
27 41
27 42
27 43
27 44
27 45
27 46
27 47
27 48
27 49
27 50
27 51
27 52
27 53
27 54
28 29
28 30
28 31
28 32
28 33
28 34
28 35
28 36
28 37
28 38
28 39
28 40
28 41
28 42
28 43
28 44
28 45
28 46
28 47
28 48
28 49
28 50
28 51
28 52
28 53
28 54
29 30
29 31
29 32
29 33
29 34
29 35
29 36
29 37
29 38
29 39
29 40
29 41
29 42
29 43
29 44
29 45
29 46
29 47
29 48
29 49
29 50
29 51
29 52
29 53
29 54
30 31
30 32
30 33
30 34
30 35
30 36
30 37
30 38
30 39
30 40
30 41
30 42
30 43
30 44
30 45
30 46
30 47
30 48
30 49
30 50
30 51
30 52
30 53
30 54
31 32
31 33
31 34
31 35
31 36
31 37
31 38
31 39
31 40
31 41
31 42
31 43
31 44
31 45
31 46
31 47
31 48
31 49
31 50
31 51
31 52
31 53
31 54
32 33
32 34
32 35
32 36
32 37
32 38
32 39
32 40
32 41
32 42
32 43
32 44
32 45
32 46
32 47
32 48
32 49
32 50
32 51
32 52
32 53
32 54
33 34
33 35
33 36
33 37
33 38
33 39
33 40
33 41
33 42
33 43
33 44
33 45
33 46
33 47
33 48
33 49
33 50
33 51
33 52
33 53
33 54
34 35
34 36
34 37
34 38
34 39
34 40
34 41
34 42
34 43
34 44
34 45
34 46
34 47
34 48
34 49
34 50
34 51
34 52
34 53
34 54
35 36
35 37
35 38
35 39
35 40
35 41
35 42
35 43
35 44
35 45
35 46
35 47
35 48
35 49
35 50
35 51
35 52
35 53
35 54
36 37
36 38
36 39
36 40
36 41
36 42
36 43
36 44
36 45
36 46
36 47
36 48
36 49
36 50
36 51
36 52
36 53
36 54
37 38
37 39
37 40
37 41
37 42
37 43
37 44
37 45
37 46
37 47
37 48
37 49
37 50
37 51
37 52
37 53
37 54
38 39
38 40
38 41
38 42
38 43
38 44
38 45
38 46
38 47
38 48
38 49
38 50
38 51
38 52
38 53
38 54
39 40
39 41
39 42
39 43
39 44
39 45
39 46
39 47
39 48
39 49
39 50
39 51
39 52
39 53
39 54
40 41
40 42
40 43
40 44
40 45
40 46
40 47
40 48
40 49
40 50
40 51
40 52
40 53
40 54
41 42
41 43
41 44
41 45
41 46
41 47
41 48
41 49
41 50
41 51
41 52
41 53
41 54
42 43
42 44
42 45
42 46
42 47
42 48
42 49
42 50
42 51
42 52
42 53
42 54
43 44
43 45
43 46
43 47
43 48
43 49
43 50
43 51
43 52
43 53
43 54
44 45
44 46
44 47
44 48
44 49
44 50
44 51
44 52
44 53
44 54
45 46
45 47
45 48
45 49
45 50
45 51
45 52
45 53
45 54
46 47
46 48
46 49
46 50
46 51
46 52
46 53
46 54
47 48
47 49
47 50
47 51
47 52
47 53
47 54
48 49
48 50
48 51
48 52
48 53
48 54
49 50
49 51
49 52
49 53
49 54
50 51
50 52
50 53
50 54
51 52
51 53
51 54
52 53
52 54
53 54
55 56
55 57
55 58
55 59
55 60
55 61
55 51
55 62
55 63
55 64
55 65
55 66
56 57
56 58
56 59
56 60
56 61
56 51
56 62
56 63
56 64
56 65
56 66
57 58
57 59
57 60
57 61
57 51
57 62
57 63
57 64
57 65
57 66
58 59
58 60
58 61
58 51
58 62
58 63
58 64
58 65
58 66
59 60
59 61
59 51
59 62
59 63
59 64
59 65
59 66
60 61
60 51
60 62
60 63
60 64
60 65
60 66
61 51
61 62
61 63
61 64
61 65
61 66
51 62
51 63
51 64
51 65
51 66
62 63
62 64
62 65
62 66
63 64
63 65
63 66
64 65
64 66
65 66
67 68
67 69
67 70
67 71
67 72
67 73
67 74
67 75
67 76
67 77
68 69
68 70
68 71
68 72
68 73
68 74
68 75
68 76
68 77
69 70
69 71
69 72
69 73
69 74
69 75
69 76
69 77
70 71
70 72
70 73
70 74
70 75
70 76
70 77
71 72
71 73
71 74
71 75
71 76
71 77
72 73
72 74
72 75
72 76
72 77
73 74
73 75
73 76
73 77
74 75
74 76
74 77
75 76
75 77
76 77
78 79
78 80
78 81
78 82
78 83
78 84
78 85
78 86
78 87
78 88
78 89
78 90
78 91
78 92
78 93
78 94
78 95
78 96
78 97
78 41
78 98
78 99
78 100
78 54
79 80
79 81
79 82
79 83
79 84
79 85
79 86
79 87
79 88
79 89
79 90
79 91
79 92
79 93
79 94
79 95
79 96
79 97
79 41
79 98
79 99
79 100
79 54
80 81
80 82
80 83
80 84
80 85
80 86
80 87
80 88
80 89
80 90
80 91
80 92
80 93
80 94
80 95
80 96
80 97
80 41
80 98
80 99
80 100
80 54
81 82
81 83
81 84
81 85
81 86
81 87
81 88
81 89
81 90
81 91
81 92
81 93
81 94
81 95
81 96
81 97
81 41
81 98
81 99
81 100
81 54
82 83
82 84
82 85
82 86
82 87
82 88
82 89
82 90
82 91
82 92
82 93
82 94
82 95
82 96
82 97
82 41
82 98
82 99
82 100
82 54
83 84
83 85
83 86
83 87
83 88
83 89
83 90
83 91
83 92
83 93
83 94
83 95
83 96
83 97
83 41
83 98
83 99
83 100
83 54
84 85
84 86
84 87
84 88
84 89
84 90
84 91
84 92
84 93
84 94
84 95
84 96
84 97
84 41
84 98
84 99
84 100
84 54
85 86
85 87
85 88
85 89
85 90
85 91
85 92
85 93
85 94
85 95
85 96
85 97
85 41
85 98
85 99
85 100
85 54
86 87
86 88
86 89
86 90
86 91
86 92
86 93
86 94
86 95
86 96
86 97
86 41
86 98
86 99
86 100
86 54
87 88
87 89
87 90
87 91
87 92
87 93
87 94
87 95
87 96
87 97
87 41
87 98
87 99
87 100
87 54
88 89
88 90
88 91
88 92
88 93
88 94
88 95
88 96
88 97
88 41
88 98
88 99
88 100
88 54
89 90
89 91
89 92
89 93
89 94
89 95
89 96
89 97
89 41
89 98
89 99
89 100
89 54
90 91
90 92
90 93
90 94
90 95
90 96
90 97
90 41
90 98
90 99
90 100
90 54
91 92
91 93
91 94
91 95
91 96
91 97
91 41
91 98
91 99
91 100
91 54
92 93
92 94
92 95
92 96
92 97
92 41
92 98
92 99
92 100
92 54
93 94
93 95
93 96
93 97
93 41
93 98
93 99
93 100
93 54
94 95
94 96
94 97
94 41
94 98
94 99
94 100
94 54
95 96
95 97
95 41
95 98
95 99
95 100
95 54
96 97
96 41
96 98
96 99
96 100
96 54
97 41
97 98
97 99
97 100
97 54
41 98
41 99
41 100
98 99
98 100
98 54
99 100
99 54
100 54
101 102
101 103
101 104
101 105
101 106
101 107
101 108
101 109
101 110
101 111
101 112
101 113
101 114
101 115
101 116
101 117
101 118
101 119
101 120
101 121
101 122
101 123
101 124
101 125
101 126
101 127
101 128
102 103
102 104
102 105
102 106
102 107
102 108
102 109
102 110
102 111
102 112
102 113
102 114
102 115
102 116
102 117
102 118
102 119
102 120
102 121
102 122
102 123
102 124
102 125
102 126
102 127
102 128
103 104
103 105
103 106
103 107
103 108
103 109
103 110
103 111
103 112
103 113
103 114
103 115
103 116
103 117
103 118
103 119
103 120
103 121
103 122
103 123
103 124
103 125
103 126
103 127
103 128
104 105
104 106
104 107
104 108
104 109
104 110
104 111
104 112
104 113
104 114
104 115
104 116
104 117
104 118
104 119
104 120
104 121
104 122
104 123
104 124
104 125
104 126
104 127
104 128
105 106
105 107
105 108
105 109
105 110
105 111
105 112
105 113
105 114
105 115
105 116
105 117
105 118
105 119
105 120
105 121
105 122
105 123
105 124
105 125
105 126
105 127
105 128
106 107
106 108
106 109
106 110
106 111
106 112
106 113
106 114
106 115
106 116
106 117
106 118
106 119
106 120
106 121
106 122
106 123
106 124
106 125
106 126
106 127
106 128
107 108
107 109
107 110
107 111
107 112
107 113
107 114
107 115
107 116
107 117
107 118
107 119
107 120
107 121
107 122
107 123
107 124
107 125
107 126
107 127
107 128
108 109
108 110
108 111
108 112
108 113
108 114
108 115
108 116
108 117
108 118
108 119
108 120
108 121
108 122
108 123
108 124
108 125
108 126
108 127
108 128
109 110
109 111
109 112
109 113
109 114
109 115
109 116
109 117
109 118
109 119
109 120
109 121
109 122
109 123
109 124
109 125
109 126
109 127
109 128
110 111
110 112
110 113
110 114
110 115
110 116
110 117
110 118
110 119
110 120
110 121
110 122
110 123
110 124
110 125
110 126
110 127
110 128
111 112
111 113
111 114
111 115
111 116
111 117
111 118
111 119
111 120
111 121
111 122
111 123
111 124
111 125
111 126
111 127
111 128
112 113
112 114
112 115
112 116
112 117
112 118
112 119
112 120
112 121
112 122
112 123
112 124
112 125
112 126
112 127
112 128
113 114
113 115
113 116
113 117
113 118
113 119
113 120
113 121
113 122
113 123
113 124
113 125
113 126
113 127
113 128
114 115
114 116
114 117
114 118
114 119
114 120
114 121
114 122
114 123
114 124
114 125
114 126
114 127
114 128
115 116
115 117
115 118
115 119
115 120
115 121
115 122
115 123
115 124
115 125
115 126
115 127
115 128
116 117
116 118
116 119
116 120
116 121
116 122
116 123
116 124
116 125
116 126
116 127
116 128
117 118
117 119
117 120
117 121
117 122
117 123
117 124
117 125
117 126
117 127
117 128
118 119
118 120
118 121
118 122
118 123
118 124
118 125
118 126
118 127
118 128
119 120
119 121
119 122
119 123
119 124
119 125
119 126
119 127
119 128
120 121
120 122
120 123
120 124
120 125
120 126
120 127
120 128
121 122
121 123
121 124
121 125
121 126
121 127
121 128
122 123
122 124
122 125
122 126
122 127
122 128
123 124
123 125
123 126
123 127
123 128
124 125
124 126
124 127
124 128
125 126
125 127
125 128
126 127
126 128
127 128
129 130
129 35
129 131
129 132
129 133
129 134
130 35
130 131
130 132
130 133
130 134
35 131
35 132
35 133
35 134
131 132
131 133
131 134
132 133
132 134
133 134
135 136
135 137
135 138
135 139
135 140
135 141
135 142
135 143
135 144
135 145
135 146
135 35
135 147
135 148
135 70
135 149
135 150
135 151
135 131
135 152
135 132
135 153
135 154
135 155
135 133
135 156
135 157
135 134
135 158
136 137
136 138
136 139
136 140
136 141
136 142
136 143
136 144
136 145
136 146
136 35
136 147
136 148
136 70
136 149
136 150
136 151
136 131
136 152
136 132
136 153
136 154
136 155
136 133
136 156
136 157
136 134
136 158
137 138
137 139
137 140
137 141
137 142
137 143
137 144
137 145
137 146
137 35
137 147
137 148
137 70
137 149
137 150
137 151
137 131
137 152
137 132
137 153
137 154
137 155
137 133
137 156
137 157
137 134
137 158
138 139
138 140
138 141
138 142
138 143
138 144
138 145
138 146
138 35
138 147
138 148
138 70
138 149
138 150
138 151
138 131
138 152
138 132
138 153
138 154
138 155
138 133
138 156
138 157
138 134
138 158
139 140
139 141
139 142
139 143
139 144
139 145
139 146
139 35
139 147
139 148
139 70
139 149
139 150
139 151
139 131
139 152
139 132
139 153
139 154
139 155
139 133
139 156
139 157
139 134
139 158
140 141
140 142
140 143
140 144
140 145
140 146
140 35
140 147
140 148
140 70
140 149
140 150
140 151
140 131
140 152
140 132
140 153
140 154
140 155
140 133
140 156
140 157
140 134
140 158
141 142
141 143
141 144
141 145
141 146
141 35
141 147
141 148
141 70
141 149
141 150
141 151
141 131
141 152
141 132
141 153
141 154
141 155
141 133
141 156
141 157
141 134
141 158
142 143
142 144
142 145
142 146
142 35
142 147
142 148
142 70
142 149
142 150
142 151
142 131
142 152
142 132
142 153
142 154
142 155
142 133
142 156
142 157
142 134
142 158
143 144
143 145
143 146
143 35
143 147
143 148
143 70
143 149
143 150
143 151
143 131
143 152
143 132
143 153
143 154
143 155
143 133
143 156
143 157
143 134
143 158
144 145
144 146
144 35
144 147
144 148
144 70
144 149
144 150
144 151
144 131
144 152
144 132
144 153
144 154
144 155
144 133
144 156
144 157
144 134
144 158
145 146
145 35
145 147
145 148
145 70
145 149
145 150
145 151
145 131
145 152
145 132
145 153
145 154
145 155
145 133
145 156
145 157
145 134
145 158
146 35
146 147
146 148
146 70
146 149
146 150
146 151
146 131
146 152
146 132
146 153
146 154
146 155
146 133
146 156
146 157
146 134
146 158
35 147
35 148
35 70
35 149
35 150
35 151
35 152
35 153
35 154
35 155
35 156
35 157
35 158
147 148
147 70
147 149
147 150
147 151
147 131
147 152
147 132
147 153
147 154
147 155
147 133
147 156
147 157
147 134
147 158
148 70
148 149
148 150
148 151
148 131
148 152
148 132
148 153
148 154
148 155
148 133
148 156
148 157
148 134
148 158
70 149
70 150
70 151
70 131
70 152
70 132
70 153
70 154
70 155
70 133
70 156
70 157
70 134
70 158
149 150
149 151
149 131
149 152
149 132
149 153
149 154
149 155
149 133
149 156
149 157
149 134
149 158
150 151
150 131
150 152
150 132
150 153
150 154
150 155
150 133
150 156
150 157
150 134
150 158
151 131
151 152
151 132
151 153
151 154
151 155
151 133
151 156
151 157
151 134
151 158
131 152
131 153
131 154
131 155
131 156
131 157
131 158
152 132
152 153
152 154
152 155
152 133
152 156
152 157
152 134
152 158
132 153
132 154
132 155
132 156
132 157
132 158
153 154
153 155
153 133
153 156
153 157
153 134
153 158
154 155
154 133
154 156
154 157
154 134
154 158
155 133
155 156
155 157
155 134
155 158
133 156
133 157
133 158
156 157
156 134
156 158
157 134
157 158
134 158
159 160
159 161
159 162
159 163
159 164
159 165
159 166
159 167
159 168
159 169
159 170
159 171
159 172
159 173
159 174
159 175
159 176
159 177
159 178
159 179
159 180
160 161
160 162
160 163
160 164
160 165
160 166
160 167
160 168
160 169
160 170
160 171
160 172
160 173
160 174
160 175
160 176
160 177
160 178
160 179
160 180
161 162
161 163
161 164
161 165
161 166
161 167
161 168
161 169
161 170
161 171
161 172
161 173
161 174
161 175
161 176
161 177
161 178
161 179
161 180
162 163
162 164
162 165
162 166
162 167
162 168
162 169
162 170
162 171
162 172
162 173
162 174
162 175
162 176
162 177
162 178
162 179
162 180
163 164
163 165
163 166
163 167
163 168
163 169
163 170
163 171
163 172
163 173
163 174
163 175
163 176
163 177
163 178
163 179
163 180
164 165
164 166
164 167
164 168
164 169
164 170
164 171
164 172
164 173
164 174
164 175
164 176
164 177
164 178
164 179
164 180
165 166
165 167
165 168
165 169
165 170
165 171
165 172
165 173
165 174
165 175
165 176
165 177
165 178
165 179
165 180
166 167
166 168
166 169
166 170
166 171
166 172
166 173
166 174
166 175
166 176
166 177
166 178
166 179
166 180
167 168
167 169
167 170
167 171
167 172
167 173
167 174
167 175
167 176
167 177
167 178
167 179
167 180
168 169
168 170
168 171
168 172
168 173
168 174
168 175
168 176
168 177
168 178
168 179
168 180
169 170
169 171
169 172
169 173
169 174
169 175
169 176
169 177
169 178
169 179
169 180
170 171
170 172
170 173
170 174
170 175
170 176
170 177
170 178
170 179
170 180
171 172
171 173
171 174
171 175
171 176
171 177
171 178
171 179
171 180
172 173
172 174
172 175
172 176
172 177
172 178
172 179
172 180
173 174
173 175
173 176
173 177
173 178
173 179
173 180
174 175
174 176
174 177
174 178
174 179
174 180
175 176
175 177
175 178
175 179
175 180
176 177
176 178
176 179
176 180
177 178
177 179
177 180
178 179
178 180
179 180
181 182
181 183
181 184
181 142
181 130
181 185
181 186
181 146
181 187
181 149
181 188
181 99
181 189
181 190
181 134
181 191
181 192
181 193
182 183
182 184
182 142
182 130
182 185
182 186
182 146
182 187
182 149
182 188
182 99
182 189
182 190
182 134
182 191
182 192
182 193
183 184
183 142
183 130
183 185
183 186
183 146
183 187
183 149
183 188
183 99
183 189
183 190
183 134
183 191
183 192
183 193
184 142
184 130
184 185
184 186
184 146
184 187
184 149
184 188
184 99
184 189
184 190
184 134
184 191
184 192
184 193
142 130
142 185
142 186
142 187
142 188
142 99
142 189
142 190
142 191
142 192
142 193
130 185
130 186
130 146
130 187
130 149
130 188
130 99
130 189
130 190
130 191
130 192
130 193
185 186
185 146
185 187
185 149
185 188
185 99
185 189
185 190
185 134
185 191
185 192
185 193
186 146
186 187
186 149
186 188
186 99
186 189
186 190
186 134
186 191
186 192
186 193
146 187
146 188
146 99
146 189
146 190
146 191
146 192
146 193
187 149
187 188
187 99
187 189
187 190
187 134
187 191
187 192
187 193
149 188
149 99
149 189
149 190
149 191
149 192
149 193
188 99
188 189
188 190
188 134
188 191
188 192
188 193
99 189
99 190
99 134
99 191
99 192
99 193
189 190
189 134
189 191
189 192
189 193
190 134
190 191
190 192
190 193
134 191
134 192
134 193
191 192
191 193
192 193
130 194
130 195
130 15
130 196
130 197
130 198
130 158
194 195
194 15
194 196
194 197
194 198
194 158
195 15
195 196
195 197
195 198
195 158
15 196
15 197
15 198
15 158
196 197
196 198
196 158
197 198
197 158
198 158
199 200
199 201
199 202
199 203
199 204
199 205
199 206
199 207
199 208
199 209
199 210
199 211
199 212
199 213
199 214
199 215
199 216
199 217
199 218
199 219
199 220
199 221
199 222
199 223
199 224
199 225
199 226
199 152
199 227
199 228
199 229
199 54
200 201
200 202
200 203
200 204
200 205
200 206
200 207
200 208
200 209
200 210
200 211
200 212
200 213
200 214
200 215
200 216
200 217
200 218
200 219
200 220
200 221
200 222
200 223
200 224
200 225
200 226
200 152
200 227
200 228
200 229
200 54
201 202
201 203
201 204
201 205
201 206
201 207
201 208
201 209
201 210
201 211
201 212
201 213
201 214
201 215
201 216
201 217
201 218
201 219
201 220
201 221
201 222
201 223
201 224
201 225
201 226
201 152
201 227
201 228
201 229
201 54
202 203
202 204
202 205
202 206
202 207
202 208
202 209
202 210
202 211
202 212
202 213
202 214
202 215
202 216
202 217
202 218
202 219
202 220
202 221
202 222
202 223
202 224
202 225
202 226
202 152
202 227
202 228
202 229
202 54
203 204
203 205
203 206
203 207
203 208
203 209
203 210
203 211
203 212
203 213
203 214
203 215
203 216
203 217
203 218
203 219
203 220
203 221
203 222
203 223
203 224
203 225
203 226
203 152
203 227
203 228
203 229
203 54
204 205
204 206
204 207
204 208
204 209
204 210
204 211
204 212
204 213
204 214
204 215
204 216
204 217
204 218
204 219
204 220
204 221
204 222
204 223
204 224
204 225
204 226
204 152
204 227
204 228
204 229
204 54
205 206
205 207
205 208
205 209
205 210
205 211
205 212
205 213
205 214
205 215
205 216
205 217
205 218
205 219
205 220
205 221
205 222
205 223
205 224
205 225
205 226
205 152
205 227
205 228
205 229
205 54
206 207
206 208
206 209
206 210
206 211
206 212
206 213
206 214
206 215
206 216
206 217
206 218
206 219
206 220
206 221
206 222
206 223
206 224
206 225
206 226
206 152
206 227
206 228
206 229
206 54
207 208
207 209
207 210
207 211
207 212
207 213
207 214
207 215
207 216
207 217
207 218
207 219
207 220
207 221
207 222
207 223
207 224
207 225
207 226
207 152
207 227
207 228
207 229
207 54
208 209
208 210
208 211
208 212
208 213
208 214
208 215
208 216
208 217
208 218
208 219
208 220
208 221
208 222
208 223
208 224
208 225
208 226
208 152
208 227
208 228
208 229
208 54
209 210
209 211
209 212
209 213
209 214
209 215
209 216
209 217
209 218
209 219
209 220
209 221
209 222
209 223
209 224
209 225
209 226
209 152
209 227
209 228
209 229
209 54
210 211
210 212
210 213
210 214
210 215
210 216
210 217
210 218
210 219
210 220
210 221
210 222
210 223
210 224
210 225
210 226
210 152
210 227
210 228
210 229
210 54
211 212
211 213
211 214
211 215
211 216
211 217
211 218
211 219
211 220
211 221
211 222
211 223
211 224
211 225
211 226
211 152
211 227
211 228
211 229
211 54
212 213
212 214
212 215
212 216
212 217
212 218
212 219
212 220
212 221
212 222
212 223
212 224
212 225
212 226
212 152
212 227
212 228
212 229
212 54
213 214
213 215
213 216
213 217
213 218
213 219
213 220
213 221
213 222
213 223
213 224
213 225
213 226
213 152
213 227
213 228
213 229
213 54
214 215
214 216
214 217
214 218
214 219
214 220
214 221
214 222
214 223
214 224
214 225
214 226
214 152
214 227
214 228
214 229
214 54
215 216
215 217
215 218
215 219
215 220
215 221
215 222
215 223
215 224
215 225
215 226
215 152
215 227
215 228
215 229
215 54
216 217
216 218
216 219
216 220
216 221
216 222
216 223
216 224
216 225
216 226
216 152
216 227
216 228
216 229
216 54
217 218
217 219
217 220
217 221
217 222
217 223
217 224
217 225
217 226
217 152
217 227
217 228
217 229
217 54
218 219
218 220
218 221
218 222
218 223
218 224
218 225
218 226
218 152
218 227
218 228
218 229
218 54
219 220
219 221
219 222
219 223
219 224
219 225
219 226
219 152
219 227
219 228
219 229
219 54
220 221
220 222
220 223
220 224
220 225
220 226
220 152
220 227
220 228
220 229
220 54
221 222
221 223
221 224
221 225
221 226
221 152
221 227
221 228
221 229
221 54
222 223
222 224
222 225
222 226
222 152
222 227
222 228
222 229
222 54
223 224
223 225
223 226
223 152
223 227
223 228
223 229
223 54
224 225
224 226
224 152
224 227
224 228
224 229
224 54
225 226
225 152
225 227
225 228
225 229
225 54
226 152
226 227
226 228
226 229
226 54
152 227
152 228
152 229
152 54
227 228
227 229
227 54
228 229
228 54
229 54
230 231
230 232
230 233
230 234
230 235
230 236
230 237
230 238
230 239
230 240
230 241
230 242
230 243
230 244
230 245
230 246
230 247
230 248
230 249
230 250
230 251
230 47
230 252
230 253
230 254
230 255
230 256
230 257
230 258
230 259
230 260
231 232
231 233
231 234
231 235
231 236
231 237
231 238
231 239
231 240
231 241
231 242
231 243
231 244
231 245
231 246
231 247
231 248
231 249
231 250
231 251
231 47
231 252
231 253
231 254
231 255
231 256
231 257
231 258
231 259
231 260
232 233
232 234
232 235
232 236
232 237
232 238
232 239
232 240
232 241
232 242
232 243
232 244
232 245
232 246
232 247
232 248
232 249
232 250
232 251
232 47
232 252
232 253
232 254
232 255
232 256
232 257
232 258
232 259
232 260
233 234
233 235
233 236
233 237
233 238
233 239
233 240
233 241
233 242
233 243
233 244
233 245
233 246
233 247
233 248
233 249
233 250
233 251
233 47
233 252
233 253
233 254
233 255
233 256
233 257
233 258
233 259
233 260
234 235
234 236
234 237
234 238
234 239
234 240
234 241
234 242
234 243
234 244
234 245
234 246
234 247
234 248
234 249
234 250
234 251
234 47
234 252
234 253
234 254
234 255
234 256
234 257
234 258
234 259
234 260
235 236
235 237
235 238
235 239
235 240
235 241
235 242
235 243
235 244
235 245
235 246
235 247
235 248
235 249
235 250
235 251
235 47
235 252
235 253
235 254
235 255
235 256
235 257
235 258
235 259
235 260
236 237
236 238
236 239
236 240
236 241
236 242
236 243
236 244
236 245
236 246
236 247
236 248
236 249
236 250
236 251
236 47
236 252
236 253
236 254
236 255
236 256
236 257
236 258
236 259
236 260
237 238
237 239
237 240
237 241
237 242
237 243
237 244
237 245
237 246
237 247
237 248
237 249
237 250
237 251
237 47
237 252
237 253
237 254
237 255
237 256
237 257
237 258
237 259
237 260
238 239
238 240
238 241
238 242
238 243
238 244
238 245
238 246
238 247
238 248
238 249
238 250
238 251
238 47
238 252
238 253
238 254
238 255
238 256
238 257
238 258
238 259
238 260
239 240
239 241
239 242
239 243
239 244
239 245
239 246
239 247
239 248
239 249
239 250
239 251
239 47
239 252
239 253
239 254
239 255
239 256
239 257
239 258
239 259
239 260
240 241
240 242
240 243
240 244
240 245
240 246
240 247
240 248
240 249
240 250
240 251
240 47
240 252
240 253
240 254
240 255
240 256
240 257
240 258
240 259
240 260
241 242
241 243
241 244
241 245
241 246
241 247
241 248
241 249
241 250
241 251
241 47
241 252
241 253
241 254
241 255
241 256
241 257
241 258
241 259
241 260
242 243
242 244
242 245
242 246
242 247
242 248
242 249
242 250
242 251
242 47
242 252
242 253
242 254
242 255
242 256
242 257
242 258
242 259
242 260
243 244
243 245
243 246
243 247
243 248
243 249
243 250
243 251
243 47
243 252
243 253
243 254
243 255
243 256
243 257
243 258
243 259
243 260
244 245
244 246
244 247
244 248
244 249
244 250
244 251
244 47
244 252
244 253
244 254
244 255
244 256
244 257
244 258
244 259
244 260
245 246
245 247
245 248
245 249
245 250
245 251
245 47
245 252
245 253
245 254
245 255
245 256
245 257
245 258
245 259
245 260
246 247
246 248
246 249
246 250
246 251
246 47
246 252
246 253
246 254
246 255
246 256
246 257
246 258
246 259
246 260
247 248
247 249
247 250
247 251
247 47
247 252
247 253
247 254
247 255
247 256
247 257
247 258
247 259
247 260
248 249
248 250
248 251
248 47
248 252
248 253
248 254
248 255
248 256
248 257
248 258
248 259
248 260
249 250
249 251
249 47
249 252
249 253
249 254
249 255
249 256
249 257
249 258
249 259
249 260
250 251
250 47
250 252
250 253
250 254
250 255
250 256
250 257
250 258
250 259
250 260
251 47
251 252
251 253
251 254
251 255
251 256
251 257
251 258
251 259
251 260
47 252
47 253
47 254
47 255
47 256
47 257
47 258
47 259
47 260
252 253
252 254
252 255
252 256
252 257
252 258
252 259
252 260
253 254
253 255
253 256
253 257
253 258
253 259
253 260
254 255
254 256
254 257
254 258
254 259
254 260
255 256
255 257
255 258
255 259
255 260
256 257
256 258
256 259
256 260
257 258
257 259
257 260
258 259
258 260
259 260
261 262
261 263
261 264
261 265
261 266
261 267
261 268
261 269
261 270
261 271
261 272
261 273
261 274
261 275
261 276
261 277
261 148
261 278
261 279
261 125
261 280
262 263
262 264
262 265
262 266
262 267
262 268
262 269
262 270
262 271
262 272
262 273
262 274
262 275
262 276
262 277
262 148
262 278
262 279
262 125
262 280
263 264
263 265
263 266
263 267
263 268
263 269
263 270
263 271
263 272
263 273
263 274
263 275
263 276
263 277
263 148
263 278
263 279
263 125
263 280
264 265
264 266
264 267
264 268
264 269
264 270
264 271
264 272
264 273
264 274
264 275
264 276
264 277
264 148
264 278
264 279
264 125
264 280
265 266
265 267
265 268
265 269
265 270
265 271
265 272
265 273
265 274
265 275
265 276
265 277
265 148
265 278
265 279
265 125
265 280
266 267
266 268
266 269
266 270
266 271
266 272
266 273
266 274
266 275
266 276
266 277
266 148
266 278
266 279
266 125
266 280
267 268
267 269
267 270
267 271
267 272
267 273
267 274
267 275
267 276
267 277
267 148
267 278
267 279
267 125
267 280
268 269
268 270
268 271
268 272
268 273
268 274
268 275
268 276
268 277
268 148
268 278
268 279
268 125
268 280
269 270
269 271
269 272
269 273
269 274
269 275
269 276
269 277
269 148
269 278
269 279
269 125
269 280
270 271
270 272
270 273
270 274
270 275
270 276
270 277
270 148
270 278
270 279
270 125
270 280
271 272
271 273
271 274
271 275
271 276
271 277
271 148
271 278
271 279
271 125
271 280
272 273
272 274
272 275
272 276
272 277
272 148
272 278
272 279
272 125
272 280
273 274
273 275
273 276
273 277
273 148
273 278
273 279
273 125
273 280
274 275
274 276
274 277
274 148
274 278
274 279
274 125
274 280
275 276
275 277
275 148
275 278
275 279
275 125
275 280
276 277
276 148
276 278
276 279
276 125
276 280
277 148
277 278
277 279
277 125
277 280
148 278
148 279
148 125
148 280
278 279
278 125
278 280
279 125
279 280
125 280
281 282
281 283
281 284
281 285
281 286
281 287
281 288
281 289
281 290
281 291
281 292
281 293
281 294
281 295
281 296
281 297
281 298
281 299
281 300
281 301
281 61
281 126
281 302
281 127
281 303
282 283
282 284
282 285
282 286
282 287
282 288
282 289
282 290
282 291
282 292
282 293
282 294
282 295
282 296
282 297
282 298
282 299
282 300
282 301
282 61
282 126
282 302
282 127
282 303
283 284
283 285
283 286
283 287
283 288
283 289
283 290
283 291
283 292
283 293
283 294
283 295
283 296
283 297
283 298
283 299
283 300
283 301
283 61
283 126
283 302
283 127
283 303
284 285
284 286
284 287
284 288
284 289
284 290
284 291
284 292
284 293
284 294
284 295
284 296
284 297
284 298
284 299
284 300
284 301
284 61
284 126
284 302
284 127
284 303
285 286
285 287
285 288
285 289
285 290
285 291
285 292
285 293
285 294
285 295
285 296
285 297
285 298
285 299
285 300
285 301
285 61
285 126
285 302
285 127
285 303
286 287
286 288
286 289
286 290
286 291
286 292
286 293
286 294
286 295
286 296
286 297
286 298
286 299
286 300
286 301
286 61
286 126
286 302
286 127
286 303
287 288
287 289
287 290
287 291
287 292
287 293
287 294
287 295
287 296
287 297
287 298
287 299
287 300
287 301
287 61
287 126
287 302
287 127
287 303
288 289
288 290
288 291
288 292
288 293
288 294
288 295
288 296
288 297
288 298
288 299
288 300
288 301
288 61
288 126
288 302
288 127
288 303
289 290
289 291
289 292
289 293
289 294
289 295
289 296
289 297
289 298
289 299
289 300
289 301
289 61
289 126
289 302
289 127
289 303
290 291
290 292
290 293
290 294
290 295
290 296
290 297
290 298
290 299
290 300
290 301
290 61
290 126
290 302
290 127
290 303
291 292
291 293
291 294
291 295
291 296
291 297
291 298
291 299
291 300
291 301
291 61
291 126
291 302
291 127
291 303
292 293
292 294
292 295
292 296
292 297
292 298
292 299
292 300
292 301
292 61
292 126
292 302
292 127
292 303
293 294
293 295
293 296
293 297
293 298
293 299
293 300
293 301
293 61
293 126
293 302
293 127
293 303
294 295
294 296
294 297
294 298
294 299
294 300
294 301
294 61
294 126
294 302
294 127
294 303
295 296
295 297
295 298
295 299
295 300
295 301
295 61
295 126
295 302
295 127
295 303
296 297
296 298
296 299
296 300
296 301
296 61
296 126
296 302
296 127
296 303
297 298
297 299
297 300
297 301
297 61
297 126
297 302
297 127
297 303
298 299
298 300
298 301
298 61
298 126
298 302
298 127
298 303
299 300
299 301
299 61
299 126
299 302
299 127
299 303
300 301
300 61
300 126
300 302
300 127
300 303
301 61
301 126
301 302
301 127
301 303
61 126
61 302
61 127
61 303
126 302
126 303
302 127
302 303
127 303
304 305
304 306
304 307
304 308
304 309
304 310
304 311
304 312
304 313
304 314
304 315
304 316
304 317
304 318
304 319
304 320
304 321
304 322
304 323
304 324
304 325
304 326
304 327
304 328
304 329
304 44
304 330
304 331
305 306
305 307
305 308
305 309
305 310
305 311
305 312
305 313
305 314
305 315
305 316
305 317
305 318
305 319
305 320
305 321
305 322
305 323
305 324
305 325
305 326
305 327
305 328
305 329
305 44
305 330
305 331
306 307
306 308
306 309
306 310
306 311
306 312
306 313
306 314
306 315
306 316
306 317
306 318
306 319
306 320
306 321
306 322
306 323
306 324
306 325
306 326
306 327
306 328
306 329
306 44
306 330
306 331
307 308
307 309
307 310
307 311
307 312
307 313
307 314
307 315
307 316
307 317
307 318
307 319
307 320
307 321
307 322
307 323
307 324
307 325
307 326
307 327
307 328
307 329
307 44
307 330
307 331
308 309
308 310
308 311
308 312
308 313
308 314
308 315
308 316
308 317
308 318
308 319
308 320
308 321
308 322
308 323
308 324
308 325
308 326
308 327
308 328
308 329
308 44
308 330
308 331
309 310
309 311
309 312
309 313
309 314
309 315
309 316
309 317
309 318
309 319
309 320
309 321
309 322
309 323
309 324
309 325
309 326
309 327
309 328
309 329
309 44
309 330
309 331
310 311
310 312
310 313
310 314
310 315
310 316
310 317
310 318
310 319
310 320
310 321
310 322
310 323
310 324
310 325
310 326
310 327
310 328
310 329
310 44
310 330
310 331
311 312
311 313
311 314
311 315
311 316
311 317
311 318
311 319
311 320
311 321
311 322
311 323
311 324
311 325
311 326
311 327
311 328
311 329
311 44
311 330
311 331
312 313
312 314
312 315
312 316
312 317
312 318
312 319
312 320
312 321
312 322
312 323
312 324
312 325
312 326
312 327
312 328
312 329
312 44
312 330
312 331
313 314
313 315
313 316
313 317
313 318
313 319
313 320
313 321
313 322
313 323
313 324
313 325
313 326
313 327
313 328
313 329
313 44
313 330
313 331
314 315
314 316
314 317
314 318
314 319
314 320
314 321
314 322
314 323
314 324
314 325
314 326
314 327
314 328
314 329
314 44
314 330
314 331
315 316
315 317
315 318
315 319
315 320
315 321
315 322
315 323
315 324
315 325
315 326
315 327
315 328
315 329
315 44
315 330
315 331
316 317
316 318
316 319
316 320
316 321
316 322
316 323
316 324
316 325
316 326
316 327
316 328
316 329
316 44
316 330
316 331
317 318
317 319
317 320
317 321
317 322
317 323
317 324
317 325
317 326
317 327
317 328
317 329
317 44
317 330
317 331
318 319
318 320
318 321
318 322
318 323
318 324
318 325
318 326
318 327
318 328
318 329
318 44
318 330
318 331
319 320
319 321
319 322
319 323
319 324
319 325
319 326
319 327
319 328
319 329
319 44
319 330
319 331
320 321
320 322
320 323
320 324
320 325
320 326
320 327
320 328
320 329
320 44
320 330
320 331
321 322
321 323
321 324
321 325
321 326
321 327
321 328
321 329
321 44
321 330
321 331
322 323
322 324
322 325
322 326
322 327
322 328
322 329
322 44
322 330
322 331
323 324
323 325
323 326
323 327
323 328
323 329
323 44
323 330
323 331
324 325
324 326
324 327
324 328
324 329
324 44
324 330
324 331
325 326
325 327
325 328
325 329
325 44
325 330
325 331
326 327
326 328
326 329
326 44
326 330
326 331
327 328
327 329
327 44
327 330
327 331
328 329
328 44
328 330
328 331
329 44
329 330
329 331
44 330
44 331
330 331
332 333
332 334
332 335
332 336
332 337
332 338
332 339
332 340
332 341
332 342
332 343
332 344
332 345
332 346
332 347
332 348
332 349
332 350
332 351
332 352
332 353
332 354
332 355
332 356
332 357
332 358
332 359
333 334
333 335
333 336
333 337
333 338
333 339
333 340
333 341
333 342
333 343
333 344
333 345
333 346
333 347
333 348
333 349
333 350
333 351
333 352
333 353
333 354
333 355
333 356
333 357
333 358
333 359
334 335
334 336
334 337
334 338
334 339
334 340
334 341
334 342
334 343
334 344
334 345
334 346
334 347
334 348
334 349
334 350
334 351
334 352
334 353
334 354
334 355
334 356
334 357
334 358
334 359
335 336
335 337
335 338
335 339
335 340
335 341
335 342
335 343
335 344
335 345
335 346
335 347
335 348
335 349
335 350
335 351
335 352
335 353
335 354
335 355
335 356
335 357
335 358
335 359
336 337
336 338
336 339
336 340
336 341
336 342
336 343
336 344
336 345
336 346
336 347
336 348
336 349
336 350
336 351
336 352
336 353
336 354
336 355
336 356
336 357
336 358
336 359
337 338
337 339
337 340
337 341
337 342
337 343
337 344
337 345
337 346
337 347
337 348
337 349
337 350
337 351
337 352
337 353
337 354
337 355
337 356
337 357
337 358
337 359
338 339
338 340
338 341
338 342
338 343
338 344
338 345
338 346
338 347
338 348
338 349
338 350
338 351
338 352
338 353
338 354
338 355
338 356
338 357
338 358
338 359
339 340
339 341
339 342
339 343
339 344
339 345
339 346
339 347
339 348
339 349
339 350
339 351
339 352
339 353
339 354
339 355
339 356
339 357
339 358
339 359
340 341
340 342
340 343
340 344
340 345
340 346
340 347
340 348
340 349
340 350
340 351
340 352
340 353
340 354
340 355
340 356
340 357
340 358
340 359
341 342
341 343
341 344
341 345
341 346
341 347
341 348
341 349
341 350
341 351
341 352
341 353
341 354
341 355
341 356
341 357
341 358
341 359
342 343
342 344
342 345
342 346
342 347
342 348
342 349
342 350
342 351
342 352
342 353
342 354
342 355
342 356
342 357
342 358
342 359
343 344
343 345
343 346
343 347
343 348
343 349
343 350
343 351
343 352
343 353
343 354
343 355
343 356
343 357
343 358
343 359
344 345
344 346
344 347
344 348
344 349
344 350
344 351
344 352
344 353
344 354
344 355
344 356
344 357
344 358
344 359
345 346
345 347
345 348
345 349
345 350
345 351
345 352
345 353
345 354
345 355
345 356
345 357
345 358
345 359
346 347
346 348
346 349
346 350
346 351
346 352
346 353
346 354
346 355
346 356
346 357
346 358
346 359
347 348
347 349
347 350
347 351
347 352
347 353
347 354
347 355
347 356
347 357
347 358
347 359
348 349
348 350
348 351
348 352
348 353
348 354
348 355
348 356
348 357
348 358
348 359
349 350
349 351
349 352
349 353
349 354
349 355
349 356
349 357
349 358
349 359
350 351
350 352
350 353
350 354
350 355
350 356
350 357
350 358
350 359
351 352
351 353
351 354
351 355
351 356
351 357
351 358
351 359
352 353
352 354
352 355
352 356
352 357
352 358
352 359
353 354
353 355
353 356
353 357
353 358
353 359
354 355
354 356
354 357
354 358
354 359
355 356
355 357
355 358
355 359
356 357
356 358
356 359
357 358
357 359
358 359
360 361
360 362
360 363
360 364
360 365
360 366
360 367
360 368
360 369
360 370
360 371
360 372
360 373
360 374
360 375
360 376
360 377
360 347
360 378
360 379
360 380
360 275
360 381
360 382
360 383
360 384
360 385
360 34
360 386
360 179
360 387
360 388
361 362
361 363
361 364
361 365
361 366
361 367
361 368
361 369
361 370
361 371
361 372
361 373
361 374
361 375
361 376
361 377
361 347
361 378
361 379
361 380
361 275
361 381
361 382
361 383
361 384
361 385
361 34
361 386
361 179
361 387
361 388
362 363
362 364
362 365
362 366
362 367
362 368
362 369
362 370
362 371
362 372
362 373
362 374
362 375
362 376
362 377
362 347
362 378
362 379
362 380
362 275
362 381
362 382
362 383
362 384
362 385
362 34
362 386
362 179
362 387
362 388
363 364
363 365
363 366
363 367
363 368
363 369
363 370
363 371
363 372
363 373
363 374
363 375
363 376
363 377
363 347
363 378
363 379
363 380
363 275
363 381
363 382
363 383
363 384
363 385
363 34
363 386
363 179
363 387
363 388
364 365
364 366
364 367
364 368
364 369
364 370
364 371
364 372
364 373
364 374
364 375
364 376
364 377
364 347
364 378
364 379
364 380
364 275
364 381
364 382
364 383
364 384
364 385
364 34
364 386
364 179
364 387
364 388
365 366
365 367
365 368
365 369
365 370
365 371
365 372
365 373
365 374
365 375
365 376
365 377
365 347
365 378
365 379
365 380
365 275
365 381
365 382
365 383
365 384
365 385
365 34
365 386
365 179
365 387
365 388
366 367
366 368
366 369
366 370
366 371
366 372
366 373
366 374
366 375
366 376
366 377
366 347
366 378
366 379
366 380
366 275
366 381
366 382
366 383
366 384
366 385
366 34
366 386
366 179
366 387
366 388
367 368
367 369
367 370
367 371
367 372
367 373
367 374
367 375
367 376
367 377
367 347
367 378
367 379
367 380
367 275
367 381
367 382
367 383
367 384
367 385
367 34
367 386
367 179
367 387
367 388
368 369
368 370
368 371
368 372
368 373
368 374
368 375
368 376
368 377
368 347
368 378
368 379
368 380
368 275
368 381
368 382
368 383
368 384
368 385
368 34
368 386
368 179
368 387
368 388
369 370
369 371
369 372
369 373
369 374
369 375
369 376
369 377
369 347
369 378
369 379
369 380
369 275
369 381
369 382
369 383
369 384
369 385
369 34
369 386
369 179
369 387
369 388
370 371
370 372
370 373
370 374
370 375
370 376
370 377
370 347
370 378
370 379
370 380
370 275
370 381
370 382
370 383
370 384
370 385
370 34
370 386
370 179
370 387
370 388
371 372
371 373
371 374
371 375
371 376
371 377
371 347
371 378
371 379
371 380
371 275
371 381
371 382
371 383
371 384
371 385
371 34
371 386
371 179
371 387
371 388
372 373
372 374
372 375
372 376
372 377
372 347
372 378
372 379
372 380
372 275
372 381
372 382
372 383
372 384
372 385
372 34
372 386
372 179
372 387
372 388
373 374
373 375
373 376
373 377
373 347
373 378
373 379
373 380
373 275
373 381
373 382
373 383
373 384
373 385
373 34
373 386
373 179
373 387
373 388
374 375
374 376
374 377
374 347
374 378
374 379
374 380
374 275
374 381
374 382
374 383
374 384
374 385
374 34
374 386
374 179
374 387
374 388
375 376
375 377
375 347
375 378
375 379
375 380
375 275
375 381
375 382
375 383
375 384
375 385
375 34
375 386
375 179
375 387
375 388
376 377
376 347
376 378
376 379
376 380
376 275
376 381
376 382
376 383
376 384
376 385
376 34
376 386
376 179
376 387
376 388
377 347
377 378
377 379
377 380
377 275
377 381
377 382
377 383
377 384
377 385
377 34
377 386
377 179
377 387
377 388
347 378
347 379
347 380
347 275
347 381
347 382
347 383
347 384
347 385
347 34
347 386
347 179
347 387
347 388
378 379
378 380
378 275
378 381
378 382
378 383
378 384
378 385
378 34
378 386
378 179
378 387
378 388
379 380
379 275
379 381
379 382
379 383
379 384
379 385
379 34
379 386
379 179
379 387
379 388
380 275
380 381
380 382
380 383
380 384
380 385
380 34
380 386
380 179
380 387
380 388
275 381
275 382
275 383
275 384
275 385
275 34
275 386
275 179
275 387
275 388
381 382
381 383
381 384
381 385
381 34
381 386
381 179
381 387
381 388
382 383
382 384
382 385
382 34
382 386
382 179
382 387
382 388
383 384
383 385
383 34
383 386
383 179
383 387
383 388
384 385
384 34
384 386
384 179
384 387
384 388
385 34
385 386
385 179
385 387
385 388
34 386
34 179
34 387
34 388
386 179
386 387
386 388
179 387
179 388
387 388
389 390
389 391
389 392
389 393
389 394
389 395
389 396
389 397
389 398
389 399
389 400
389 401
389 402
389 403
389 404
389 405
389 406
389 326
389 407
389 408
389 409
389 410
389 411
389 412
389 413
389 414
389 415
389 416
389 417
389 387
389 418
390 391
390 392
390 393
390 394
390 395
390 396
390 397
390 398
390 399
390 400
390 401
390 402
390 403
390 404
390 405
390 406
390 326
390 407
390 408
390 409
390 410
390 411
390 412
390 413
390 414
390 415
390 416
390 417
390 387
390 418
391 392
391 393
391 394
391 395
391 396
391 397
391 398
391 399
391 400
391 401
391 402
391 403
391 404
391 405
391 406
391 326
391 407
391 408
391 409
391 410
391 411
391 412
391 413
391 414
391 415
391 416
391 417
391 387
391 418
392 393
392 394
392 395
392 396
392 397
392 398
392 399
392 400
392 401
392 402
392 403
392 404
392 405
392 406
392 326
392 407
392 408
392 409
392 410
392 411
392 412
392 413
392 414
392 415
392 416
392 417
392 387
392 418
393 394
393 395
393 396
393 397
393 398
393 399
393 400
393 401
393 402
393 403
393 404
393 405
393 406
393 326
393 407
393 408
393 409
393 410
393 411
393 412
393 413
393 414
393 415
393 416
393 417
393 387
393 418
394 395
394 396
394 397
394 398
394 399
394 400
394 401
394 402
394 403
394 404
394 405
394 406
394 326
394 407
394 408
394 409
394 410
394 411
394 412
394 413
394 414
394 415
394 416
394 417
394 387
394 418
395 396
395 397
395 398
395 399
395 400
395 401
395 402
395 403
395 404
395 405
395 406
395 326
395 407
395 408
395 409
395 410
395 411
395 412
395 413
395 414
395 415
395 416
395 417
395 387
395 418
396 397
396 398
396 399
396 400
396 401
396 402
396 403
396 404
396 405
396 406
396 326
396 407
396 408
396 409
396 410
396 411
396 412
396 413
396 414
396 415
396 416
396 417
396 387
396 418
397 398
397 399
397 400
397 401
397 402
397 403
397 404
397 405
397 406
397 326
397 407
397 408
397 409
397 410
397 411
397 412
397 413
397 414
397 415
397 416
397 417
397 387
397 418
398 399
398 400
398 401
398 402
398 403
398 404
398 405
398 406
398 326
398 407
398 408
398 409
398 410
398 411
398 412
398 413
398 414
398 415
398 416
398 417
398 387
398 418
399 400
399 401
399 402
399 403
399 404
399 405
399 406
399 326
399 407
399 408
399 409
399 410
399 411
399 412
399 413
399 414
399 415
399 416
399 417
399 387
399 418
400 401
400 402
400 403
400 404
400 405
400 406
400 326
400 407
400 408
400 409
400 410
400 411
400 412
400 413
400 414
400 415
400 416
400 417
400 387
400 418
401 402
401 403
401 404
401 405
401 406
401 326
401 407
401 408
401 409
401 410
401 411
401 412
401 413
401 414
401 415
401 416
401 417
401 387
401 418
402 403
402 404
402 405
402 406
402 326
402 407
402 408
402 409
402 410
402 411
402 412
402 413
402 414
402 415
402 416
402 417
402 387
402 418
403 404
403 405
403 406
403 326
403 407
403 408
403 409
403 410
403 411
403 412
403 413
403 414
403 415
403 416
403 417
403 387
403 418
404 405
404 406
404 326
404 407
404 408
404 409
404 410
404 411
404 412
404 413
404 414
404 415
404 416
404 417
404 387
404 418
405 406
405 326
405 407
405 408
405 409
405 410
405 411
405 412
405 413
405 414
405 415
405 416
405 417
405 387
405 418
406 326
406 407
406 408
406 409
406 410
406 411
406 412
406 413
406 414
406 415
406 416
406 417
406 387
406 418
326 407
326 408
326 409
326 410
326 411
326 412
326 413
326 414
326 415
326 416
326 417
326 387
326 418
407 408
407 409
407 410
407 411
407 412
407 413
407 414
407 415
407 416
407 417
407 387
407 418
408 409
408 410
408 411
408 412
408 413
408 414
408 415
408 416
408 417
408 387
408 418
409 410
409 411
409 412
409 413
409 414
409 415
409 416
409 417
409 387
409 418
410 411
410 412
410 413
410 414
410 415
410 416
410 417
410 387
410 418
411 412
411 413
411 414
411 415
411 416
411 417
411 387
411 418
412 413
412 414
412 415
412 416
412 417
412 387
412 418
413 414
413 415
413 416
413 417
413 387
413 418
414 415
414 416
414 417
414 387
414 418
415 416
415 417
415 387
415 418
416 417
416 387
416 418
417 387
417 418
387 418
